camouflage,1
tap,1
repackage,1
marshmallow,1
velvet,2
caramel,1
currant,1
raindrop,1
frankincense,1
autumn,4
raspberry,1
end,1
cassis,1
berry,3
star,2
snowman,1
gingerbread,1
red,1
season,1
chardonnay,1
merlot,1
relabel,1
rose,2
country,1
pudding,1
coffee,2
tulip,1
child,1
herbs,1
bloom,1
picnic,1
heart,1
cider,1
nature,1
wedding,1
midnight,1
cherry,2
summer,1
blackberry,1
petal,1
web,1
air,1
farmhouse,1
sweater,1
storm,1
towel,1
cranberry,2
chick,1
pumpkin,3
leather,1
man,1
eggnog,1
silver,1
peppermint,1
coconut,1
wreath,1
boo,1
pineapple,1
rain,1
milk,1
flower,1
greenhouse,1
trefoil,1
day,4
paintbrush,1
vineyard,1
shower,1
cookie,1
vacation,1
